pair_id,label,weight,band_lo,band_hi,cross_outlet,emb_hl_body600,emb_hl_body200,emb_hl_only,tfidf_char35_hl_body1200,tfidf_char35_hl_only,tfidf_syl12_hl_body1200,jaccard_syl8_body3000,jaccard_syl5_body3000
67010146_671618aa,1,52.56666666666667,0.92,0.94,1,0.9327844381332397,0.9510202407836914,0.8759537935256958,0.6545696023357985,0.613754727734331,0.40580594319236346,0.002540220152413209,0.010282776349614395
a38f02c0_ac42a20e,0,131.32,0.88,0.9,1,0.8970738649368286,0.8952449560165405,0.8303577899932861,0.4484932689816558,0.30935937344463205,0.2200887604191921,0.0,0.003000750187546887
41b0ca45_db3ad31b,0,330.5,0.85,0.88,1,0.8543415665626526,0.8501198291778564,0.6943340301513672,0.3717983106617432,0.3602887704702697,0.3525455552474606,0.0,0.012919896640826873
ceeb9175_c8da30f6,1,20.76,0.96,0.98,1,0.9686992168426514,0.9558244347572327,0.9749068021774292,0.7228735198842413,0.8529902549642792,0.6992262190592682,0.13030746705710103,0.21775544388609716
3cb8943f_2252d5da,0,52.56666666666667,0.92,0.94,1,0.9310228824615479,0.8579081296920776,0.722329318523407,0.41556240778658926,0.39147108065572234,0.36720180563796323,0.02796420581655481,0.03391812865497076
a5622161_cdfb80eb,0,330.5,0.85,0.88,1,0.8592038750648499,0.7399830222129822,0.6516940593719482,0.27746348582564817,0.15365146423537887,0.18740722629272863,0.0,0.0029585798816568047
7fd64b10_1c83c8a4,1,31.933333333333334,0.94,0.96,1,0.95284104347229,0.9336804151535034,0.9315912127494812,0.7088687625195514,0.8986370800655507,0.5310662372602655,0.02635542168674699,0.06511254019292605
728601b2_a92990d7,1,52.56666666666667,0.92,0.94,1,0.9290345907211304,0.8808267116546631,0.9120891094207764,0.8698771475670132,0.8889037200694526,0.9000137117133928,0.6403622250970246,0.753934191702432
5e609c91_a78b77d1,1,20.76,0.96,0.98,0,0.9733150601387024,0.9388325810432434,0.8475491404533386,0.9923346013432548,0.8505485788338095,0.9918597840573669,0.9859154929577465,0.986013986013986
a072e13d_300563a6,1,52.56666666666667,0.92,0.94,1,0.9328905344009399,0.8451714515686035,0.7549201846122742,0.5786799307613123,0.17879197210856485,0.2899075180911141,0.007518796992481203,0.018867924528301886
4cb12edf_4d6599d7,1,21.96,0.98,1.01,0,0.9930623769760132,0.9902292490005493,0.8371690511703491,0.9992947807034872,0.8624824434080012,0.9920928875680961,0.9704016913319239,0.9746300211416491
80810b8e_d84acb59,1,31.933333333333334,0.94,0.96,1,0.9570099115371704,0.9159427881240845,0.4908694922924042,0.8592358738854617,0.15566255118988584,0.7970014128162769,0.3323201621073962,0.4155701754385965
4fe5d240_8d278dcd,1,21.96,0.98,1.01,1,0.9958431124687195,0.9931325316429138,0.9532208442687988,0.964196961362342,0.9390961082259353,0.97677948687275,0.5165945165945166,0.5563798219584569
870372f5_1aa2c028,0,5641.375,0.7,0.75,1,0.7064412832260132,0.6197078227996826,0.5166794061660767,0.2603067755884316,0.14159585641903846,0.160354448268638,0.0,0.0011806375442739079
538cfc2a_fa289399,1,92.8,0.9,0.92,1,0.9008104801177979,0.7925609350204468,0.7868022322654724,0.7053789480725937,0.44537316453780007,0.5999415338299356,0.06454816285998013,0.09528907922912205
bc65d28e_66ad39da,1,31.933333333333334,0.94,0.96,1,0.9498673677444458,0.9177720546722412,0.9662580490112305,0.7015252840060452,0.5182474724466327,0.5867377811785568,0.11728931364031277,0.15489130434782608
a6c5f79c_529eb1ba,1,92.8,0.9,0.92,1,0.915922999382019,0.8645276427268982,0.8497095108032227,0.7634406135758152,0.6297075440462021,0.6858778404127862,0.06230200633579725,0.12844036697247707
b90a606f_4c41b4f1,1,330.5,0.85,0.88,1,0.860061526298523,0.7971562743186951,0.7917451858520508,0.8348440311130707,0.5168462941101064,0.592377230251687,0.06545454545454546,0.1400198609731877
5e1d1c74_219c1f89,1,92.8,0.9,0.92,1,0.9184556603431702,0.9078775644302368,0.8036129474639893,0.5926156720205544,0.7878846273021667,0.47470427810214294,0.05470249520153551,0.07739307535641547
91f31e13_54c64444,0,3423.375,0.75,0.8,1,0.7832499146461487,0.6061269044876099,0.05451875180006027,0.3935728033728242,0.11713658828238525,0.21202353411117578,0.0,0.00234192037470726
571fbda6_3606762a,1,330.5,0.85,0.88,1,0.8716160655021667,0.8550055027008057,0.6701608300209045,0.5177555625654663,0.38700998825072186,0.3718933921297257,0.010752688172043012,0.030364372469635626
47f44423_70e59bd3,1,20.76,0.96,0.98,1,0.9611010551452637,0.9442691802978516,0.9446112513542175,0.8272152718326355,0.6838838945758856,0.7431218139877643,0.11670480549199085,0.20625
be27e30d_8dc8636a,1,31.933333333333334,0.94,0.96,1,0.9589940309524536,0.9324241876602173,0.9999999403953552,0.872946882127045,1.0,0.8737246974990422,0.512022630834512,0.5338129496402878
4f114ff5_7a8e78a3,1,31.933333333333334,0.94,0.96,1,0.9437038898468018,0.8373095989227295,1.0,0.9846610404236279,1.0000000000000004,0.9760008709625765,0.8539823008849557,0.9009433962264151
9a6114ca_3ff0001d,1,330.5,0.85,0.88,1,0.879997730255127,0.8219261169433594,0.8665246963500977,0.5198894617063528,0.5605176982102684,0.2742510216607623,0.0,0.00411522633744856
9ff4f243_2a56d27b,1,52.56666666666667,0.92,0.94,1,0.9309734106063843,0.9552930593490601,0.9051470160484314,0.7433365009100225,0.49408689434188435,0.5848107158133673,0.029143897996357013,0.08661417322834646
3148905f_df04b5b2,1,52.56666666666667,0.92,0.94,1,0.9363162517547607,0.8393106460571289,0.8435877561569214,0.673403770759771,0.638872394787826,0.6244413714455346,0.1881720430107527,0.23646723646723647
34dc1ef3_4f8c26a3,1,131.32,0.88,0.9,1,0.8877996206283569,0.9016043543815613,0.8166184425354004,0.7352173079728382,0.6434840558079578,0.6935682951142078,0.07608695652173914,0.15950920245398773
cb365d59_601e31a1,0,330.5,0.85,0.88,0,0.8737969994544983,0.8184542059898376,0.39830416440963745,0.45016718291817714,0.1079191686870004,0.30757993890240515,0.017811704834605598,0.023622047244094488
5fbba5bb_21238588,1,20.76,0.96,0.98,1,0.9758250713348389,0.9450825452804565,0.6517676115036011,0.815446394037319,0.09815417526290897,0.8011216164264048,0.21212121212121213,0.25499231950844853
530f37d8_69d40812,1,31.933333333333334,0.94,0.96,1,0.9507657289505005,0.9800936579704285,0.988536536693573,0.8421870487414467,0.9230946021493092,0.866447267500737,0.3462414578587699,0.4246913580246914
e230ebcd_670a1e9f,1,52.56666666666667,0.92,0.94,0,0.9333386421203613,0.9199263453483582,0.9242879748344421,0.5171965364332594,0.8415000841762398,0.5503178425328956,0.038174273858921165,0.05721830985915493
ed4343cb_770552f2,1,52.56666666666667,0.92,0.94,1,0.9205114841461182,0.9237728118896484,0.933464765548706,0.485269143257387,0.8428810553808002,0.4970797731928133,0.12533097969991175,0.14866112650046168
601e31a1_dd1416c0,0,52.56666666666667,0.92,0.94,1,0.927141010761261,0.8489869832992554,0.3171543478965759,0.47707697640834146,0.024544466979218523,0.37810183966307404,0.031725888324873094,0.048748353096179184
c7168a95_b613dd54,1,5641.375,0.7,0.75,1,0.7489907741546631,0.8101847767829895,0.9114408493041992,0.38265244883172733,0.5985060699405765,0.2275857426192407,0.0,0.001584786053882726
f171f0b1_a1da2958,0,5641.375,0.7,0.75,1,0.7119280099868774,0.6393391489982605,0.5063366889953613,0.38295518660670685,0.10723656156895094,0.2757206430237127,0.022492970946579195,0.05058365758754864
b102f43e_09b3f161,0,92.8,0.9,0.92,0,0.9050187468528748,0.8797744512557983,0.8165470361709595,0.5340128378849085,0.773589138915705,0.3362849255864677,0.004267425320056899,0.02040816326530612
2b498915_3825934d,1,330.5,0.85,0.88,1,0.8654704093933105,0.747740626335144,0.586283802986145,0.7052618212085611,0.41477772676000685,0.6974820712761814,0.12059369202226346,0.19226957383548068
de44e2a6_4e04d847,0,1411.0833333333333,0.8,0.85,1,0.8096044659614563,0.7715499401092529,0.6442444324493408,0.39821501833456946,0.40635801354781226,0.14615200952987484,0.0,0.003738317757009346
8401522b_db50e9c1,1,52.56666666666667,0.92,0.94,1,0.9309430122375488,0.8260036706924438,0.6651852130889893,0.575729957536241,0.3251323670232265,0.6263627836545385,0.1378413524057217,0.1595744680851064
b6514fbd_f351f38a,0,131.32,0.88,0.9,1,0.884014368057251,0.8466100692749023,0.9375045299530029,0.4022489437287337,0.47346383515760343,0.3271744445340596,0.011111111111111112,0.027653880463871544
3439b77f_3da54cc2,0,330.5,0.85,0.88,1,0.8780465722084045,0.8043180108070374,0.5580774545669556,0.47836053641977355,0.27018999984658276,0.20560965214967766,0.0,0.0064516129032258064
5ab7c53c_77b4a116,1,20.76,0.96,0.98,1,0.9778081774711609,0.982438325881958,0.9317958950996399,0.7098654509495744,0.689372972378146,0.7546335206870457,0.6004932182490752,0.6320754716981132
aa26a4b5_d5741738,1,20.76,0.96,0.98,0,0.9741287231445312,0.9567717909812927,0.9020530581474304,0.5186965350031999,0.8481693090751246,0.4109087661555427,0.06539833531510107,0.07682619647355164
695b9b15_aa5e5e8e,1,92.8,0.9,0.92,1,0.9009865522384644,0.757942795753479,0.9117335081100464,0.8265096111413722,0.9361039782414827,0.7895195568786431,0.32,0.3680555555555556
a6441de9_c6f8bbb3,1,131.32,0.88,0.9,1,0.8805729150772095,0.7277519106864929,0.8174320459365845,0.6294405230793132,0.46962564955740127,0.4539000266623908,0.0034965034965034965,0.02323503127792672
db465e96_faa3a7be,1,3423.375,0.75,0.8,1,0.7847312688827515,0.7997130155563354,0.9999998807907104,0.605393306744104,0.9999999999999999,0.5410509192238111,0.6171284634760705,0.6317829457364341
5d0e9c50_c449b991,0,131.32,0.88,0.9,0,0.8809723258018494,0.8480956554412842,0.29881834983825684,0.44413879448934224,0.24030093773895195,0.17519029551306,0.0024813895781637717,0.008291873963515755
3b9e10de_5f050ebf,0,31.933333333333334,0.94,0.96,1,0.9580556750297546,0.8455449342727661,0.523368775844574,0.7647031375751134,0.22840559888276227,0.6872951647813716,0.07549361207897794,0.149616368286445
dde31faa_6c00d9ed,0,31.933333333333334,0.94,0.96,0,0.9556431770324707,0.9396503567695618,0.5534601211547852,0.974512687958898,0.24419974890932203,0.9717649997365835,0.915129151291513,0.9154411764705882
c9577b3e_9d1c758d,1,21.96,0.98,1.01,1,0.9887212514877319,0.9922717213630676,0.9860343933105469,0.9752815926299571,0.947193930757941,0.9589057564286249,0.830110497237569,0.8690140845070422
41e67531_383fa79a,0,1411.0833333333333,0.8,0.85,1,0.8049856424331665,0.8163248300552368,0.6822511553764343,0.30972116469313343,0.3276506110020427,0.18297235079421326,0.0,0.0016806722689075631
9d01954c_6d513846,1,21.96,0.98,1.01,1,0.9899949431419373,0.955575704574585,0.6762145757675171,0.9327586636336581,0.21262925429510818,0.9612618413359417,0.8604992657856094,0.8951367781155015
25702305_291247e3,1,20.76,0.96,0.98,1,0.9634771347045898,0.958102822303772,1.000000238418579,0.9624146028378893,1.0000000000000007,0.9211215110398836,0.8618421052631579,0.8704545454545455
108dc25d_c817f94b,1,1411.0833333333333,0.8,0.85,1,0.8396916389465332,0.8292277455329895,0.6762102842330933,0.4418933320591971,0.5669545839301824,0.3036701077437045,0.004594180704441042,0.009345794392523364
b65ac5cd_02f9d99f,1,21.96,0.98,1.01,1,0.9890109896659851,0.9999998807907104,1.0,0.8660457989852819,1.0,0.841065440767783,0.803030303030303,0.8092566619915849
39bbd95e_7906f188,0,92.8,0.9,0.92,1,0.9007295966148376,0.675183892250061,0.5593851804733276,0.5118334727026479,0.38930697228450717,0.234263779493908,0.0024793388429752068,0.010998307952622674
0a24c1e2_450c9d27,1,21.96,0.98,1.01,1,0.9923193454742432,0.9611091613769531,0.9042686223983765,0.8757157396493435,0.5843328504878941,0.8722776991134972,0.6678023850085179,0.7397504456327986
e127783e_2c52b4f8,0,1411.0833333333333,0.8,0.85,1,0.8211737871170044,0.7652603387832642,0.8132443428039551,0.46106194248844207,0.4316668319201503,0.39750882416837213,0.1534090909090909,0.20496894409937888
03a9cb86_7a6f696f,0,5641.375,0.7,0.75,1,0.718927264213562,0.6129052639007568,0.491145521402359,0.42566103863759247,0.12309363254276684,0.19415813034250987,0.0,0.00375234521575985
81c4e5cd_c6952de5,0,1411.0833333333333,0.8,0.85,0,0.831678569316864,0.7936139106750488,0.8645616769790649,0.49141095464648615,0.5198485174566906,0.35200241061121773,0.047186932849364795,0.0789980732177264
f7b24acf_58997730,1,21.96,0.98,1.01,1,0.9888052940368652,0.9961673617362976,0.9999998211860657,0.8592326424543066,1.0000000000000004,0.8329116872749295,0.2538265306122449,0.3035971223021583
646c2704_ecc48870,1,20.76,0.96,0.98,1,0.9688538312911987,0.9683500528335571,0.9948521852493286,0.9772641935273644,0.916048311086362,0.9619215856124683,0.8569343065693431,0.88
7d3f2899_5aba0399,1,52.56666666666667,0.92,0.94,1,0.92781662940979,0.9531275033950806,0.9077292084693909,0.43524037943900895,0.808082058633117,0.433534951251372,0.003121748178980229,0.020477815699658702
e226c0dd_af6c62c9,1,131.32,0.88,0.9,1,0.8989198803901672,0.8154110908508301,0.5455735325813293,0.7418239688168767,0.41780339994104104,0.6985988818004578,0.10611510791366907,0.17857142857142858
27426522_a9627135,1,31.933333333333334,0.94,0.96,1,0.9511600732803345,0.9688357710838318,1.0,0.9731832771135148,1.0000000000000004,0.9787694349665371,0.875,0.8990990990990991
d014925f_197cfb1c,1,330.5,0.85,0.88,1,0.8505462408065796,0.8485649824142456,0.6131875514984131,0.8239152076647575,0.4233409937538196,0.7885006633845151,0.3319103521878335,0.406720741599073
e0a114d3_fee1679a,1,21.96,0.98,1.01,1,0.9980107545852661,0.9999999403953552,1.0,0.8563756498626882,1.0,0.8219833455978909,0.7793923381770145,0.7939560439560439
a897d2c6_819d1076,1,330.5,0.85,0.88,1,0.8767992258071899,0.8944053053855896,0.9129962921142578,0.6542487759670582,0.7225534411684553,0.41432443666607727,0.009578544061302681,0.038883349950149554
44213e1c_8815721d,0,20.76,0.96,0.98,0,0.9726496934890747,0.9830687642097473,0.7722854018211365,0.8966722116245309,0.47518670191151063,0.799715391659687,0.36257309941520466,0.43884892086330934
e4d1dc6a_f7e0f2bd,1,52.56666666666667,0.92,0.94,1,0.9202300310134888,0.7834748029708862,0.6200418472290039,0.4848909836835888,0.2141552924989826,0.34081253132721645,0.0,0.0027624309392265192
6f95ed9c_30b284ed,1,131.32,0.88,0.9,1,0.8915462493896484,0.7808278799057007,0.6248385310173035,0.5696803061079626,0.33776871140502973,0.3994563214323366,0.009584664536741214,0.01948051948051948
cb24e541_e4afc5f4,1,92.8,0.9,0.92,1,0.9125243425369263,0.9394440650939941,0.8348103165626526,0.5961966825776607,0.8979385488230923,0.4482434285590578,0.14829659318637275,0.21627408993576017
7cb4e021_a4a9e4be,1,52.56666666666667,0.92,0.94,1,0.9242042303085327,0.9071312546730042,0.7438841462135315,0.640490852737663,0.25024042643338706,0.49444731672962466,0.0018709073900841909,0.005319148936170213
d190b907_d6845ecc,0,131.32,0.88,0.9,1,0.8808839321136475,0.8371047973632812,0.7733840942382812,0.387527063942563,0.2611074823848282,0.20466153487522903,0.0,0.0013908205841446453
02764103_6febfce5,1,92.8,0.9,0.92,1,0.9041582345962524,0.7448137998580933,0.5764669179916382,0.642313490102745,0.21749082219609148,0.48694817942576774,0.02536997885835095,0.05568181818181818
238a9260_391b8115,1,1411.0833333333333,0.8,0.85,1,0.8148153424263,0.8067854642868042,0.9999999403953552,0.8301885651466555,1.0000000000000002,0.8096288274385264,0.8338192419825073,0.8697674418604651
40c0fb6a_4f0fdd26,1,20.76,0.96,0.98,0,0.9684275388717651,0.932347297668457,0.501961350440979,0.5507498930591852,0.33071359138690015,0.5059498320498939,0.06661184210526316,0.08916083916083917
915c3d5a_f05d84a9,1,92.8,0.9,0.92,1,0.9111113548278809,0.7191727757453918,0.6083053946495056,0.8631903235826724,0.46861774002778156,0.9161936134468934,0.5488721804511278,0.6255144032921811
665ce129_2eb731b0,0,21.96,0.98,1.01,0,0.9964756369590759,0.9875285029411316,0.7157186269760132,0.976735076927137,0.4277672908091118,0.9866236400365388,0.8809523809523809,0.8611111111111112
c9abcf20_a2dd1a87,0,52.56666666666667,0.92,0.94,1,0.9318446516990662,0.8564481735229492,0.6098259091377258,0.4808286269961033,0.07255093753722931,0.31487795352608294,0.0,0.001635322976287817
270cab5f_ffdd6072,1,52.56666666666667,0.92,0.94,1,0.9350165128707886,0.7996338605880737,0.6904852986335754,0.8921294846453528,0.4255338436610313,0.8945585728201056,0.7623626373626373,0.8123209169054442
093a83a5_23e3ba92,1,21.96,0.98,1.01,1,1.0000001192092896,1.0,1.0,1.000000000000002,1.0,1.0000000000000007,1.0,1.0
5ba2c035_83819e62,0,3423.375,0.75,0.8,1,0.7807701826095581,0.7578543424606323,0.6015501022338867,0.37156481017360143,0.46319890886850684,0.20006831793312022,0.0,0.0033444816053511705
67943f2b_7f3384d0,1,31.933333333333334,0.94,0.96,1,0.9520106315612793,0.9289557337760925,0.7935130000114441,0.9443513331713356,0.776928873237537,0.980897710801733,0.5538461538461539,0.5922671353251318
746b688e_45aae5ae,1,31.933333333333334,0.94,0.96,1,0.954480767250061,0.9224727749824524,0.956683874130249,0.9392272899505871,0.8302932112181037,0.8618780960092347,0.24770642201834864,0.3617021276595745
b5e8b7ae_54b1cd8e,1,31.933333333333334,0.94,0.96,1,0.9553775191307068,0.9036693572998047,0.8079665303230286,0.8350150292526602,0.5103665136652802,0.8499773058645286,0.3284313725490196,0.4192708333333333
2456140f_7b92d242,1,20.76,0.96,0.98,1,0.9609383344650269,0.9719462990760803,0.9675782322883606,0.5356595869428459,0.8843727142512188,0.3379915950741545,0.002570694087403599,0.01703800786369594
e023247b_9c753c3a,0,330.5,0.85,0.88,0,0.8589946031570435,0.8338335752487183,0.7052522897720337,0.5749412093571585,0.686282772268746,0.5656428803884982,0.01443001443001443,0.04573170731707317
af6160d1_3677ae1a,0,3423.375,0.75,0.8,0,0.7634446620941162,0.6817241907119751,0.694150447845459,0.24105885447936207,0.5718674812565229,0.1611338228574017,0.0,0.008492569002123142
1902cf67_bb7ed444,1,31.933333333333334,0.94,0.96,0,0.9575642347335815,0.7998221516609192,0.6678364276885986,0.8184935709023112,0.10627441127268568,0.7535930704771864,0.3246753246753247,0.4063926940639269
fb7ec28f_7b698368,1,131.32,0.88,0.9,1,0.8972741365432739,0.8907655477523804,0.860929012298584,0.7774431076196142,0.6450232535541958,0.6517029348972535,0.050505050505050504,0.09970674486803519
4d90eeaa_dbb339a2,0,52.56666666666667,0.92,0.94,0,0.9383079409599304,0.8848345279693604,0.9644257426261902,0.58802799794228,0.7585372602324041,0.644408449494682,0.25681818181818183,0.33251231527093594
ce20dae1_b08912d3,1,21.96,0.98,1.01,0,0.9999998807907104,0.9999998807907104,0.9999999403953552,0.9999999999999971,1.0000000000000004,1.0000000000000013,1.0,1.0
e609df56_f8ba72b2,1,131.32,0.88,0.9,1,0.880445122718811,0.7535008192062378,0.5569726824760437,0.6448884711704329,0.20092958496850688,0.646189657961142,0.17415730337078653,0.2484472049689441
edcac90f_d9c5d414,0,92.8,0.9,0.92,1,0.9054449796676636,0.8768859505653381,0.87103271484375,0.43910685054722,0.5327149086085197,0.271991563882732,0.03137254901960784,0.052486187845303865
8ee68c8d_e3e01125,1,131.32,0.88,0.9,1,0.886885404586792,0.8943193554878235,0.8534966707229614,0.7032616846483624,0.6365337367859866,0.48539332790804607,0.002551020408163265,0.018134715025906734
1c29f206_1a9911a3,0,131.32,0.88,0.9,0,0.8841184973716736,0.6971413493156433,0.6062379479408264,0.347748321487843,0.2601465415674345,0.17607635179638775,0.0,0.0
b560b018_ae6fc52c,1,21.96,0.98,1.01,1,1.0000001192092896,1.0,1.0,0.9957138863880654,0.9999999999999996,0.9962413692851957,0.922077922077922,0.9222222222222223
64e35b1a_d11d56b6,1,92.8,0.9,0.92,1,0.9043846130371094,0.8009964823722839,0.6674898862838745,0.40776474974720767,0.10480760034441483,0.26263196714139964,0.0,0.002178649237472767
800d7ea4_4868d06b,1,52.56666666666667,0.92,0.94,1,0.930946409702301,0.8589367866516113,0.8672244548797607,0.5380297820446579,0.30373701136749515,0.4281388175031725,0.01014832162373146,0.021035598705501618
6ff65a6a_56f416f6,1,31.933333333333334,0.94,0.96,1,0.9508703351020813,0.8485089540481567,0.3727761507034302,0.6252023707562346,0.09457741518806527,0.5840559012151647,0.07056798623063683,0.12720519962859797
73f796c6_9648e999,0,1411.0833333333333,0.8,0.85,1,0.8052432537078857,0.7479090690612793,0.7334225177764893,0.4601520337766551,0.5078204756769548,0.2811613316385761,0.0,0.0016625103906899418
98384c84_465d85df,1,92.8,0.9,0.92,1,0.9116424918174744,0.9124153852462769,0.854693591594696,0.8176883932807888,0.23602858312019553,0.7415655919104766,0.07103064066852367,0.11935953420669577
fcee0c92_5ceeb6a9,1,92.8,0.9,0.92,1,0.9092168807983398,0.6206350922584534,0.21660976111888885,0.4453985533620201,0.0015207301400490647,0.2910368522551866,0.02030008826125331,0.029304029304029304
8aad1ecf_a055f368,1,92.8,0.9,0.92,1,0.9055124521255493,0.7301958799362183,0.23828458786010742,0.9193245217313509,0.012539482059867059,0.9225686572144595,0.7455295735900963,0.7935578330893118
7f20bb9a_203a7fcb,1,20.76,0.96,0.98,1,0.9604058861732483,0.881177544593811,0.974339485168457,0.8944243961481254,1.0000000000000002,0.8318959917674917,0.1534090909090909,0.2795031055900621
3417ce70_ceeb9175,1,20.76,0.96,0.98,1,0.968003511428833,0.9110774993896484,0.9999999403953552,0.9840694905045657,1.0,0.9836305347857297,0.843520782396088,0.8862433862433863
a60c1b35_840532bb,1,5641.375,0.7,0.75,1,0.7156550884246826,0.6057374477386475,0.4495972990989685,0.6729322006888172,0.10911292696652763,0.48549545967678287,0.05721393034825871,0.11325724319578578
0b25deb0_b3dc3c5c,1,330.5,0.85,0.88,1,0.8605936765670776,0.8095122575759888,0.8272498250007629,0.46996463968684843,0.3738376000723137,0.3332196071450735,0.003079291762894534,0.011618900077459334
59fef842_eeab3a26,0,3423.375,0.75,0.8,1,0.7598462104797363,0.6663941740989685,0.6346251368522644,0.5215300719881681,0.23946139094656002,0.19165067181761317,0.0,0.0015432098765432098
76b676be_a0391c5a,1,92.8,0.9,0.92,1,0.9027115106582642,0.9205777049064636,0.8911401033401489,0.570205350915688,0.7379320758972219,0.36615694782347585,0.0,0.0108499095840868
8d0b007c_41ada378,1,20.76,0.96,0.98,1,0.9727069139480591,0.9758771657943726,1.000000238418579,0.9239891657516758,1.0000000000000007,0.9551644010562151,0.8990228013029316,0.9134438305709024
0fb66462_d7b1ba4f,1,52.56666666666667,0.92,0.94,1,0.9282426834106445,0.9102488160133362,0.67638099193573,0.5800461393809333,0.5596844695139895,0.37142519008962693,0.0,0.01384083044982699
0b381374_e95accc9,1,31.933333333333334,0.94,0.96,1,0.9533385038375854,0.8978270292282104,0.7134332060813904,0.876971813388454,0.5316871189987796,0.7054942818481984,0.11072362685265912,0.16527390900649955
b27e113c_a1a060ed,0,330.5,0.85,0.88,0,0.8501728177070618,0.816295862197876,0.8127184510231018,0.30463139006666184,0.39877192627642116,0.22955920851717732,0.0,0.0024958402662229617
d7443252_f7b824cc,1,20.76,0.96,0.98,1,0.9748681783676147,0.9541058540344238,0.9245823621749878,0.9542284814154371,0.6777461805698459,0.9709537350082006,0.6449136276391555,0.7368421052631579
ec69729b_522755a3,0,5641.375,0.7,0.75,1,0.7274230718612671,0.5874658823013306,0.38369420170783997,0.32037350091684064,0.16055621657381916,0.2038704554461599,0.0,0.0
690c0586_d183c638,1,31.933333333333334,0.94,0.96,1,0.9564905166625977,0.9280251264572144,0.9260598421096802,0.6194129842879305,0.9012333817849087,0.5383183244144095,0.03103448275862069,0.05368289637952559
39626a72_a9210d99,0,1411.0833333333333,0.8,0.85,1,0.8284991383552551,0.8720818758010864,0.7626240253448486,0.3145639488774542,0.42066048684029167,0.10474665474199975,0.0,0.0019011406844106464
075dec72_dfeba23b,1,31.933333333333334,0.94,0.96,1,0.9568488597869873,0.9307644367218018,0.7886976003646851,0.8725829977381427,0.6224002108255233,0.8399637313560627,0.43271461716937354,0.5285714285714286
20f91487_30d57789,1,92.8,0.9,0.92,1,0.904411792755127,0.8570136427879333,0.711740255355835,0.6943343972469945,0.4833300720701814,0.4327981633999838,0.0,0.006910167818361303
92d5b59d_40428b39,1,20.76,0.96,0.98,1,0.972567081451416,0.8777064085006714,0.42928606271743774,0.965511910346308,0.48112429672965734,0.94029190500802,0.771545827633379,0.8283261802575107
89c4efe8_0c0e3618,1,31.933333333333334,0.94,0.96,1,0.9401347637176514,0.9150148630142212,0.7502633333206177,0.7621486239126343,0.5550579844428906,0.6806066677779445,0.075,0.13452914798206278
e7f2f93e_3595dd09,1,330.5,0.85,0.88,1,0.8723044991493225,0.8027850985527039,0.6761980652809143,0.5584243093627893,0.6112271226927106,0.4882554128942736,0.008620689655172414,0.031047865459249677
6c434ca0_1c868137,1,31.933333333333334,0.94,0.96,1,0.9465820789337158,0.8541148900985718,0.8791008591651917,0.8276930136134415,0.7813007971333573,0.8518140090919765,0.7272727272727273,0.8045234248788369
320c4e1a_51770a6a,1,21.96,0.98,1.01,1,0.9816132187843323,0.9844247102737427,0.9999999403953552,0.98037025360655,0.9999999999999994,0.9867487484601539,0.968421052631579,0.9765258215962441
21329469_095b6636,1,131.32,0.88,0.9,1,0.8931693434715271,0.8116662502288818,0.9469667673110962,0.7086147456314995,0.5101834799503079,0.6744594756362391,0.09113300492610837,0.17204301075268819
b65b60a0_6aed9363,1,92.8,0.9,0.92,1,0.9120583534240723,1.0,1.0,0.8297142638450352,1.0,0.8668619017347888,0.8851674641148325,0.8916256157635468
c5057927_92c47fad,1,131.32,0.88,0.9,0,0.8808357119560242,0.7844268083572388,0.7472600936889648,0.5590789354831283,0.6042597418502569,0.3644310033681743,0.0015015015015015015,0.018461538461538463
a6eb8ae8_9b77ad75,1,31.933333333333334,0.94,0.96,1,0.9484804272651672,0.9176625609397888,0.9999999403953552,0.530235453587084,1.0000000000000002,0.5714777344961179,0.6208133971291866,0.6310096153846154
c6037e0e_c8f20798,1,21.96,0.98,1.01,1,1.0,1.0,1.0,0.9999438660548152,0.9539596989429128,0.9963318586686011,0.9821162444113264,0.9850746268656716
70e70386_c86074c8,1,52.56666666666667,0.92,0.94,1,0.9226404428482056,0.8667569160461426,0.7753216624259949,0.732612560881809,0.3676639602276405,0.670093240900016,0.12367491166077739,0.15495495495495495
bacf2085_c6dc0a48,1,92.8,0.9,0.92,1,0.9017049074172974,0.8397384881973267,0.7325832843780518,0.6376842519694095,0.42718636413841715,0.4367791935989494,0.046511627906976744,0.08446866485013624
e8bc7a4f_e45ec30a,1,1411.0833333333333,0.8,0.85,1,0.8392257690429688,0.6271149516105652,0.22602668404579163,0.6752907466601287,0.10420811365729021,0.58086203812581,0.07567567567567568,0.12903225806451613
06ebe2e0_e4470c4e,0,20.76,0.96,0.98,0,0.9670413732528687,0.8339576721191406,0.4598659574985504,0.8889480632947118,0.29792400129256524,0.8096944774751919,0.3502824858757062,0.41496598639455784
1bf93b31_adc4b971,1,131.32,0.88,0.9,1,0.8918732404708862,0.876079797744751,0.3829419016838074,0.503683984566867,0.49414016973432606,0.47872514220846357,0.02122641509433962,0.0507185122569738
5cd0a00c_f8985ac1,1,131.32,0.88,0.9,1,0.884054958820343,0.9140836596488953,0.9252156019210815,0.31945887259237177,0.5087914424775669,0.2522802365703091,0.012997562956945572,0.033628318584070796
9c969e66_9fdc6ec8,1,52.56666666666667,0.92,0.94,1,0.9336807727813721,0.8653467893600464,0.9790782928466797,0.9220160516827879,0.9131033652097424,0.888797255015196,0.8048433048433048,0.85
b83d2791_142da30a,0,1411.0833333333333,0.8,0.85,1,0.8141967058181763,0.7699117660522461,0.6756730079650879,0.4020316225619246,0.2204472630773447,0.19890687785829644,0.0007621951219512195,0.0070202808112324495
1940648a_ecbf02d2,1,31.933333333333334,0.94,0.96,1,0.9526144862174988,0.9607238173484802,0.8617261648178101,0.7224128404349864,0.39716879766340196,0.6684383873075678,0.056296296296296296,0.06907378335949764
f29d92f7_444272c8,0,92.8,0.9,0.92,1,0.9058796167373657,0.766931414604187,0.20145314931869507,0.4674956009199568,0.11228251852006868,0.3568542964141502,0.02185792349726776,0.04401805869074492
d9366fc2_44049c57,0,92.8,0.9,0.92,0,0.9015440940856934,0.8101592063903809,0.8471980690956116,0.9309710276596901,0.9813182570050099,0.9649894789185873,0.7932203389830509,0.8626760563380281
b3eebd41_dc629d60,1,131.32,0.88,0.9,0,0.897655189037323,0.8188706636428833,0.7093534469604492,0.46084484101120926,0.319165623359459,0.2370015023285915,0.0,0.0010152284263959391
72b655dc_f28f4db6,1,20.76,0.96,0.98,1,0.9630231857299805,0.9665431976318359,0.9570140242576599,0.9032253214732711,0.88346617811005,0.8840186338647811,0.7707774798927614,0.797486033519553
9ddc1052_79f62673,1,131.32,0.88,0.9,1,0.8878670334815979,0.840813398361206,0.7746729850769043,0.4058063583536058,0.39927977977371076,0.2382374270976706,0.0,0.002785515320334262
a2f5394d_00f8ba20,1,31.933333333333334,0.94,0.96,1,0.9587031602859497,0.9261572957038879,0.8460044860839844,0.722760438542523,0.6527600667787321,0.6526979579012739,0.05592105263157895,0.0852994555353902
943e3ac3_0da32244,1,131.32,0.88,0.9,1,0.8973212838172913,0.8466540575027466,0.7988498210906982,0.5866848526143065,0.5933656023979498,0.4797408522941532,0.02580140734949179,0.06978653530377668
25c642f0_e0384ad8,1,21.96,0.98,1.01,1,0.9999998807907104,0.9999998807907104,0.9999998807907104,0.9999999999999999,1.0,0.9999999999999994,0.9430284857571214,0.9607250755287009
86a7a029_f6dbeb18,1,21.96,0.98,1.01,1,0.9999192953109741,0.9992965459823608,1.0000001192092896,0.9922279695976308,1.0000000000000004,0.9997887789634727,0.974320241691843,0.983206106870229
4ca4bb29_07513248,1,20.76,0.96,0.98,1,0.9608101844787598,0.9524916410446167,0.6195342540740967,0.834457171487012,0.7257659767008958,0.8668403682276129,0.3869209809264305,0.50920245398773
2f84bd3b_c15d0b43,1,330.5,0.85,0.88,1,0.8563951253890991,0.8241605758666992,0.5437623262405396,0.4818710702318734,0.4449943923329157,0.39603072879381984,0.0,0.012048192771084338
17b11a76_185d2479,1,330.5,0.85,0.88,1,0.8795353174209595,0.833595871925354,0.9197424054145813,0.6218560809277441,0.8495554212504242,0.5358687429790963,0.03365384615384615,0.06530958439355386
f1015ca5_a7d4f45c,0,5641.375,0.7,0.75,1,0.7193122506141663,0.7120240926742554,0.08506655693054199,0.28664881493300776,0.02226523165656344,0.11800188437532837,0.0,0.0007867820613690008
324b69d1_10a3421b,1,330.5,0.85,0.88,1,0.8754414319992065,0.833936333656311,0.7905591130256653,0.4051135734905863,0.1735543699454125,0.21891125435017267,0.0036231884057971015,0.0110803324099723
52cf3e3a_6e0cc4b8,0,20.76,0.96,0.98,0,0.971621036529541,0.963856041431427,0.4881559908390045,0.9923328710143425,0.5059906379184508,0.9783917453904369,0.900990099009901,0.9215686274509803
342a89e7_00f8ba20,1,20.76,0.96,0.98,1,0.9623655080795288,0.8864442110061646,1.0,0.9648690844800663,1.0000000000000002,0.9347445423121132,0.9142857142857143,0.9431438127090301
549fec73_105aba10,1,21.96,0.98,1.01,0,0.9810127019882202,0.9350347518920898,0.8273721933364868,0.9932481368473627,0.9264998036748068,0.9947183222994852,0.925,0.9515011547344111
15feff2f_faf23d0c,1,52.56666666666667,0.92,0.94,1,0.933760404586792,0.8512318730354309,0.7852998971939087,0.6498694394197455,0.6340550028638301,0.47727586662576227,0.04288025889967637,0.06802721088435375
f09eec0c_b208960a,1,52.56666666666667,0.92,0.94,1,0.9319523572921753,0.8853111267089844,0.8851370215415955,0.8730298257993464,0.7205977356178278,0.8267774031769456,0.5,0.5821596244131455
c9366cd8_4497dea0,1,31.933333333333334,0.94,0.96,0,0.9506044387817383,0.8889086246490479,0.9411237239837646,0.6660298377430651,0.721856704543189,0.44827103049784556,0.009569377990430622,0.026143790849673203
3b155e6c_1fdf40c3,0,21.96,0.98,1.01,0,0.9912059307098389,0.9838602542877197,0.7690267562866211,0.9727565842360372,0.5009647441133563,0.9591864409878759,0.8380952380952381,0.8584905660377359
b0ec0281_0ff6c4ef,1,52.56666666666667,0.92,0.94,1,0.930997371673584,0.8919180631637573,0.757843554019928,0.5463964477850511,0.31416286290776685,0.41609745199989556,0.7634408602150538,0.8146611341632088
a9210d99_6981ff3c,0,3423.375,0.75,0.8,0,0.7631700038909912,0.6631393432617188,0.48441916704177856,0.3437129333390698,0.19553529842168185,0.13405841192929546,0.0,0.0008382229673093043
2b5f4840_93a72e0d,1,21.96,0.98,1.01,1,1.0,1.0,1.0000001192092896,1.0,0.9999999999999998,0.9999999999999997,1.0,1.0
db3b35fd_450c9d27,1,31.933333333333334,0.94,0.96,1,0.959383487701416,0.9377644062042236,0.912578284740448,0.8344842712144289,0.6169200712348625,0.8601599473967431,0.6016528925619835,0.68
65250bde_339e8fd5,1,21.96,0.98,1.01,1,0.9819686412811279,0.983053982257843,0.9999998807907104,0.9739979143590806,1.0,0.9403548746644895,0.9062980030721967,0.9270998415213946
2fffab2e_1ca79bde,0,5641.375,0.7,0.75,1,0.7449676394462585,0.7631517052650452,0.7647683620452881,0.18745493567528088,0.10321840760836973,0.11917426840122712,0.0009823182711198428,0.007936507936507936
fcee0c92_c3780b4c,1,31.933333333333334,0.94,0.96,0,0.9448885321617126,0.9121525287628174,0.6887331604957581,0.7013908692926965,0.827879204251265,0.48827332198118656,0.057534246575342465,0.06470028544243578
a22b3613_c5d2d780,0,92.8,0.9,0.92,1,0.9185469150543213,0.8460115194320679,0.5754501223564148,0.3962489964815471,0.11885263206315212,0.23632345795481113,0.0,0.000847457627118644
186b3684_7c641ee8,0,52.56666666666667,0.92,0.94,1,0.938776969909668,0.8860138654708862,0.6384357213973999,0.6037373604259201,0.4731275380610572,0.4041172100918452,0.0022753128555176336,0.015815085158150853
399adbb1_92c47fad,1,131.32,0.88,0.9,1,0.8878280520439148,0.7370423078536987,0.6118442416191101,0.39883601052772094,0.25279601335558044,0.30986545351333705,0.0,0.009389671361502348
d2f007a3_3f23aaf6,1,31.933333333333334,0.94,0.96,0,0.9502458572387695,0.9033740758895874,0.571171224117279,0.6898531392348565,0.1451922018464063,0.6996494029343716,0.87,0.8775510204081632
ddf21e97_27c90c34,0,330.5,0.85,0.88,1,0.8588736057281494,0.7738059759140015,0.7966214418411255,0.37017659666349995,0.28757144603261864,0.23018191624078477,0.0,0.0008156606851549756
15fb2d1a_eb0a85fa,1,131.32,0.88,0.9,1,0.8908263444900513,0.8014665842056274,0.8786136507987976,0.6239848179531524,0.25830645239549715,0.4347084620294052,0.0,0.0078125
f519df1f_b1b0a7b6,1,20.76,0.96,0.98,1,0.9617661833763123,0.953959047794342,0.9276075959205627,0.8141049789275996,0.725684887421189,0.8141316648774289,0.08764607679465776,0.13315460232350312
58d11b31_840279f1,1,92.8,0.9,0.92,1,0.9033107757568359,0.9032169580459595,0.8413035869598389,0.5855086129092261,0.7459923285240667,0.36025742696752877,0.0016051364365971107,0.012274959083469721
a3aa1a66_c14e6458,1,131.32,0.88,0.9,1,0.8862135410308838,0.8666514158248901,0.7799208760261536,0.4504399594756793,0.2470301244536604,0.37040621169282834,0.0,0.011464968152866241
70ce201e_90483c76,1,330.5,0.85,0.88,1,0.8730753660202026,0.7577922344207764,0.5420465469360352,0.6519227582759932,0.34060561648555243,0.6241911479715831,0.08681135225375626,0.1252236135957066
24246e4d_3afc739c,0,131.32,0.88,0.9,0,0.8827512264251709,0.8438286781311035,0.6952150464057922,0.783609779677993,0.35501398651686716,0.45788564332191944,0.07875894988066826,0.0855106888361045
192408ef_56ea6a6b,1,20.76,0.96,0.98,1,0.9723448157310486,0.9485160708427429,0.8212803602218628,0.9265485739273966,0.5275126132897183,0.9044552171892273,0.39285714285714285,0.4860050890585242
51496e92_ec8038b9,1,52.56666666666667,0.92,0.94,1,0.9365536570549011,0.9196022748947144,1.0,0.9624429394806434,1.0000000000000002,0.9545997492264453,0.6503067484662577,0.7060702875399361
cec4d46c_394a3660,1,31.933333333333334,0.94,0.96,1,0.9409832954406738,0.9179519414901733,0.9492566585540771,0.8198603194623071,0.870770033864895,0.8003803894511355,0.12722170252572498,0.17507418397626112
47de8f6d_f6ce3013,1,21.96,0.98,1.01,1,0.9865942597389221,0.9380895495414734,0.5990630984306335,0.9903011825737558,0.4889604023720756,0.975095646138104,0.8852691218130312,0.9124820659971306
e802d2f9_a4a9e4be,0,52.56666666666667,0.92,0.94,1,0.9227666854858398,0.8769360780715942,0.8415542840957642,0.5989863360722605,0.3930779557818833,0.5337114183674379,0.00427715996578272,0.021484375
0fe776d2_0290d4c1,0,31.933333333333334,0.94,0.96,0,0.9559231996536255,0.8917586207389832,0.6467328071594238,0.8750901772340232,0.28154787109646146,0.8237416395499855,0.8008534850640113,0.8250728862973761
d921f381_64d5ddd0,1,330.5,0.85,0.88,1,0.8542547821998596,0.7733216881752014,0.7998287677764893,0.49474055055644084,0.3715453258262309,0.26707632521874725,0.0,0.0018148820326678765
9e95d3c5_3d4cd0f8,1,20.76,0.96,0.98,1,0.962856113910675,0.8959760665893555,0.825309157371521,0.5630649928137768,0.6119644132252267,0.44974256797568074,0.0832313341493268,0.09375
dfe7534a_e6b6f76b,0,1411.0833333333333,0.8,0.85,1,0.8383404612541199,0.785251259803772,0.6974903345108032,0.2851866397697947,0.1758968010267809,0.12803384562723658,0.0,0.0
9b946c70_bf95f771,0,3423.375,0.75,0.8,0,0.7945413589477539,0.7333035469055176,0.5254979729652405,0.22345885373183644,0.2093362312485548,0.08562811939956706,0.0,0.0
1282baa9_67140b5d,1,92.8,0.9,0.92,1,0.9117554426193237,0.9009048938751221,0.8092441558837891,0.7801376969800857,0.3507663939563417,0.7190186110190229,0.08493589743589744,0.1563573883161512
51ef2037_ec7b6781,1,21.96,0.98,1.01,1,1.0,1.0,1.0,0.9999999999999999,1.0000000000000002,1.000000000000001,0.9699248120300752,0.9811320754716981
d4d3b459_c3027d2b,0,3423.375,0.75,0.8,1,0.7523927092552185,0.7639105319976807,0.7006544470787048,0.36042655968132853,0.1611415304821224,0.17903959644922962,0.0,0.006521739130434782
9fea41cc_decda7fe,1,20.76,0.96,0.98,1,0.9666149616241455,0.9621371030807495,0.941104531288147,0.7632796920910185,0.9104519976819541,0.7366799672818326,0.14497041420118342,0.21212121212121213
f6ac14d8_cefae759,1,52.56666666666667,0.92,0.94,1,0.9286776781082153,0.8766921758651733,1.000000238418579,0.9807093852762566,1.0,0.958210104424831,0.946,0.950199203187251
86eaae14_b5a99348,0,92.8,0.9,0.92,1,0.9035990834236145,0.8480152487754822,0.30685901641845703,0.40605178661090435,0.06319357151644833,0.45102170965503174,0.027739251040221916,0.05467625899280575
f05d84a9_0f82284c,0,92.8,0.9,0.92,1,0.916305422782898,0.7592771649360657,0.5188149809837341,0.7916509010628677,0.2515995488049074,0.824704023956771,0.45876887340301975,0.5246523388116309
e4761ebb_2dda6475,1,52.56666666666667,0.92,0.94,1,0.9264321327209473,0.9150985479354858,0.8351777791976929,0.5497473165072734,0.6734874001455762,0.42881183161309633,0.005703422053231939,0.025380710659898477
ee34d4c0_5901ea1d,1,52.56666666666667,0.92,0.94,1,0.9344955682754517,0.8600196838378906,0.7661218643188477,0.6418474311932926,0.5392496650159748,0.5532572843175974,0.03436988543371522,0.05593220338983051
cd176825_026ae64b,1,31.933333333333334,0.94,0.96,1,0.9508802890777588,0.9272791147232056,0.8825021982192993,0.6809626615818607,0.7231744252154927,0.4580824045788018,0.001430615164520744,0.017366136034732273
1cb59317_f1ea3cfc,1,21.96,0.98,1.01,1,0.999435544013977,0.9993383884429932,1.0,0.998057519895096,1.0000000000000002,0.9982802453271316,0.8225352112676056,0.8389830508474576
cf1e7075_c1c79ba4,0,52.56666666666667,0.92,0.94,1,0.9297596216201782,0.8756957054138184,0.6796557307243347,0.44478069742588733,0.4177157573791935,0.2581527758219169,0.0,0.013392857142857142
0dc94be5_31665e1a,0,1411.0833333333333,0.8,0.85,1,0.8434069752693176,0.6640105843544006,0.5361515283584595,0.3307520213739325,0.18024925489845578,0.13646095065935518,0.004206098843322818,0.015521064301552107
1ca79bde_c35c2b5c,1,21.96,0.98,1.01,1,0.9871270060539246,0.9763884544372559,0.9901254177093506,0.8065032015732321,0.8765383134594286,0.7952887452988151,0.11351909184726522,0.21123595505617979
10f8dc74_33ec32e1,1,131.32,0.88,0.9,1,0.8826614618301392,0.8254119753837585,0.6476563215255737,0.3911641959620394,0.699772768580775,0.13438540094474177,0.0,0.0
757ad2d9_f03e1d29,1,131.32,0.88,0.9,1,0.8845013380050659,0.8644475340843201,0.8897924423217773,0.47731660521813946,0.31709503083277146,0.38914764165167415,0.029197080291970802,0.05255023183925812
4b1be426_86906aba,1,21.96,0.98,1.01,1,1.0,1.0000001192092896,1.0,0.9999999999999997,1.0000000000000007,0.9999999999999997,1.0,1.0
e6ff5850_439c3de6,1,31.933333333333334,0.94,0.96,0,0.946668803691864,0.9178928136825562,0.6524426341056824,0.6026393024165656,0.5422115710546382,0.5152080983646806,0.11849710982658959,0.14925373134328357
